"folder_id","folder_name","working_folder_path","source_anchor_examples","path_locked","operating_artifacts_visible","adult_moves_named","audience_separation","training_facilitation","coaching_observation","data_permissions","grade_band_differences","slide_alignment","tracker_crosswalk_backlog","main_gap"
"01","01_START_HERE","01_Current_System/01_Launch_Kit/Current/03_90_Day_Rollout_Package/01_START_HERE","01_START_HERE/01_Master_Launch_Kit_Index/01_Master_Launch_Kit_Index.docx","MET | 00_Admin/Matchbook_Framework_Build_Control_Center.md; 00_Admin/Matchbook_Folder-Based_System_Plan.md; _INDEX.md","MET | 01_START_HERE/Master_Read-Me.md; 01_START_HERE/Executive_Overview.md; 01_START_HERE/How_to_Use_This_Bundle.md; 01_START_HERE/Stakeholder_Navigation_Map.md; 01_START_HERE/Implementation_Non-Negotiables.md","N/A | Control layer; live adult-move files sit in 03_TEACHER_IMPLEMENTATION; 09_RESPONSIVE_BEHAVIOR_PLAN; 10_RESTORATIVE_REPAIR; 17_SCHOOLWIDE_ROUTINES; 18_BEHAVIOR_INTERVENTION_LADDER","MET | 01_START_HERE/Master_Read-Me.md; 01_START_HERE/How_to_Use_This_Bundle.md; 01_START_HERE/Stakeholder_Navigation_Map.md","PARTIAL | 01_START_HERE/90-Day_Rollout_At-a-Glance.md; 01_START_HERE/Executive_Overview.md | Detailed facilitation lives in 04_PROFESSIONAL_DEVELOPMENT","PARTIAL | 01_START_HERE/Implementation_Non-Negotiables.md; 13_COACHING_OBSERVATION_AND_RUBRIC_ALIGNMENT/Observation_and_Coaching_Tool.md","PARTIAL | 01_START_HERE/Executive_Overview.md; 14_DATA_TRACKING_AND_APP_READINESS/Dashboard_Indicator_Map.md","GAP | No clearly named system-wide grade-band navigation artifact in 01_START_HERE","PARTIAL | 15_SLIDE_DECK_DRAFTS/90-Day_Rollout_Overview_Deck.md; 15_SLIDE_DECK_DRAFTS/Leadership_Alignment_Deck.md | Needs explicit folder-to-deck source note","PARTIAL | 00_Admin/Audits_And_Maps/Matchbook_Folder_Audit_Tracker.csv; 00_Admin/Audits_And_Maps/Matchbook_Master_Crosswalk_DRAFT.md; 00_Admin/Audits_And_Maps/Matchbook_Artifact_Build_Backlog.md | Crosswalk and backlog still need full folder-first cleanup","Add one folder-based navigation map and one system-wide grade-band navigation reference"
"02","02_LEADERSHIP_ALIGNMENT","01_Current_System/01_Launch_Kit/Current/03_90_Day_Rollout_Package/02_LEADERSHIP_ALIGNMENT","02_LEADERSHIP_ALIGNMENT/08_Leadership_Cadence_and_Governance/08_Leadership_Cadence_and_Governance.docx","MET | 00_Admin/Matchbook_Framework_Build_Control_Center.md; 00_Admin/Matchbook_Folder-Based_System_Plan.md; _INDEX.md","MET | 02_LEADERSHIP_ALIGNMENT/90-Day_Leadership_Decision_Map.md; 02_LEADERSHIP_ALIGNMENT/Leadership_Commitments_Needed.md; 02_LEADERSHIP_ALIGNMENT/Decision_Log.md; 02_LEADERSHIP_ALIGNMENT/Scope_Escalation_Pathway.md; 02_LEADERSHIP_ALIGNMENT/Weekly_Leadership_Tactical_Agenda.md","MET | 02_LEADERSHIP_ALIGNMENT/Decision_Log.md; 02_LEADERSHIP_ALIGNMENT/Weekly_Leadership_Tactical_Agenda.md; 02_LEADERSHIP_ALIGNMENT/Scope_Escalation_Pathway.md; 02_LEADERSHIP_ALIGNMENT/Leadership_Commitments_Needed.md","MET | 02_LEADERSHIP_ALIGNMENT/Leadership_Alignment_Brief.md; 02_LEADERSHIP_ALIGNMENT/Principal-Leadership_Team_Talking_Points.md; 02_LEADERSHIP_ALIGNMENT/Matchbook-Specific_Culture_Alignment_Page.md","MET | 02_LEADERSHIP_ALIGNMENT/Leadership_Alignment_Brief.md; 02_LEADERSHIP_ALIGNMENT/Leadership_Presentation_Script.md; 15_SLIDE_DECK_DRAFTS/Leadership_Alignment_Deck.md","MET | 02_LEADERSHIP_ALIGNMENT/Low-Inference_Evidence_Guide.md; 02_LEADERSHIP_ALIGNMENT/Quarterly_Culture_Deep-Dive_Protocol.md; 13_COACHING_OBSERVATION_AND_RUBRIC_ALIGNMENT/Leader_Calibration_Guide.md","PARTIAL | 02_LEADERSHIP_ALIGNMENT/Implementation_Risk_Tracker.md; 02_LEADERSHIP_ALIGNMENT/90-Day_Leadership_Decision_Map.md; 14_DATA_TRACKING_AND_APP_READINESS/Dashboard_Indicator_Map.md | Data implications are attached but not fully localized","N/A | Not a primary grade-band folder","MET | 15_SLIDE_DECK_DRAFTS/Leadership_Alignment_Deck.md; 15_SLIDE_DECK_DRAFTS/90-Day_Rollout_Overview_Deck.md","PARTIAL | 00_Admin/Audits_And_Maps/Matchbook_Folder_Audit_Tracker.csv; 00_Admin/Audits_And_Maps/Matchbook_Master_Crosswalk_DRAFT.md; 00_Admin/Audits_And_Maps/Matchbook_Artifact_Build_Backlog.md | Crosswalk and backlog still need full folder-first cleanup","Turn leadership decisions into a dated live checklist tied to downstream folders"
"03","03_TEACHER_IMPLEMENTATION","01_Current_System/01_Launch_Kit/Current/03_90_Day_Rollout_Package/03_TEACHER_IMPLEMENTATION","03_TEACHER_IMPLEMENTATION/10_Teacher_Field_Tool_Bundle/10_Teacher_Field_Tool_Bundle.docx","MET | 00_Admin/Matchbook_Framework_Build_Control_Center.md; 00_Admin/Matchbook_Folder-Based_System_Plan.md; _INDEX.md","MET | 03_TEACHER_IMPLEMENTATION/Teacher_Implementation_Playbook.md; 03_TEACHER_IMPLEMENTATION/Teacher_Quick-Start_Guide.md; 03_TEACHER_IMPLEMENTATION/Teacher_Planning_Checklist.md; 03_TEACHER_IMPLEMENTATION/Daily_Morning_Meeting_SOP.md; 03_TEACHER_IMPLEMENTATION/Message_Board_SOP.md; 03_TEACHER_IMPLEMENTATION/Script_Card_Set.md","MET | 03_TEACHER_IMPLEMENTATION/Daily_Morning_Meeting_SOP.md; 03_TEACHER_IMPLEMENTATION/Value_Practice_SOP.md; 03_TEACHER_IMPLEMENTATION/Student_Voice_SOP.md; 03_TEACHER_IMPLEMENTATION/Script_Card_Set.md; 03_TEACHER_IMPLEMENTATION/Teacher_Troubleshooting_Guide.md","MET | 03_TEACHER_IMPLEMENTATION/Teacher_Quick-Start_Guide.md; 03_TEACHER_IMPLEMENTATION/Teacher_FAQ.md | Teacher-facing surfaces are clearly separated; student and family surfaces live in 11 and 12","PARTIAL | 03_TEACHER_IMPLEMENTATION/Teacher_Quick-Start_Guide.md; 03_TEACHER_IMPLEMENTATION/Teacher_Weekly_Prep_Sheet.md; 04_PROFESSIONAL_DEVELOPMENT/PD_Facilitator_Guide.md | Missing direct substitute and new-hire packaging","PARTIAL | 03_TEACHER_IMPLEMENTATION/Teacher_Troubleshooting_Guide.md; 13_COACHING_OBSERVATION_AND_RUBRIC_ALIGNMENT/Observation_and_Coaching_Tool.md; 13_COACHING_OBSERVATION_AND_RUBRIC_ALIGNMENT/Coaching_Conversation_Guide.md","PARTIAL | 14_DATA_TRACKING_AND_APP_READINESS/Message_Board_Object_Schema.md; 14_DATA_TRACKING_AND_APP_READINESS/Script_Object_Schema.md; 14_DATA_TRACKING_AND_APP_READINESS/Teacher_Burden_Check.md","GAP | No clearly named grade-band quick-card or teacher packet variants in 03_TEACHER_IMPLEMENTATION","MET | 15_SLIDE_DECK_DRAFTS/Teacher_Training_Deck.md; 15_SLIDE_DECK_DRAFTS/Morning_Meeting_Culture_Lab_Training_Deck.md","PARTIAL | 00_Admin/Audits_And_Maps/Matchbook_Folder_Audit_Tracker.csv; 00_Admin/Audits_And_Maps/Matchbook_Master_Crosswalk_DRAFT.md; 00_Admin/Audits_And_Maps/Matchbook_Artifact_Build_Backlog.md | Crosswalk and backlog still need full folder-first cleanup","Package the folder as one cohesive teacher packet and add grade-band refinements"
"04","04_PROFESSIONAL_DEVELOPMENT","01_Current_System/01_Launch_Kit/Current/03_90_Day_Rollout_Package/04_PROFESSIONAL_DEVELOPMENT","04_PROFESSIONAL_DEVELOPMENT/09_Staff_Training_and_Onboarding_Pathway/09_Staff_Training_and_Onboarding_Pathway.docx","MET | 00_Admin/Matchbook_Framework_Build_Control_Center.md; 00_Admin/Matchbook_Folder-Based_System_Plan.md; _INDEX.md","MET | 04_PROFESSIONAL_DEVELOPMENT/PD_Facilitator_Guide.md; 04_PROFESSIONAL_DEVELOPMENT/90-Minute_Synchronous_Training_Plan.md; 04_PROFESSIONAL_DEVELOPMENT/Asynchronous_Course_Outline.md; 04_PROFESSIONAL_DEVELOPMENT/Module-by-Module_Learning_Path.md; 04_PROFESSIONAL_DEVELOPMENT/Teacher_Practice_Lab_Guide.md","MET | Differentiated_Adult_Pathways_Map.md separates returning, new-hire, substitute, Tier 2, and leader on-ramps; Adult_Practice_Scenarios.md; Teacher_Practice_Lab_Guide.md","MET | New_Hire_Compressed_Pathway.md; Substitute_Pathway.md; Tier_2_Training_Strand.md fully separate the lanes; Module-by-Module_Learning_Path.md; PD_Facilitator_Guide.md","MET | 04_PROFESSIONAL_DEVELOPMENT/PD_Facilitator_Guide.md; 04_PROFESSIONAL_DEVELOPMENT/90-Minute_Synchronous_Training_Plan.md; 04_PROFESSIONAL_DEVELOPMENT/Asynchronous_Course_Outline.md; 04_PROFESSIONAL_DEVELOPMENT/Teacher_Practice_Lab_Guide.md","PARTIAL | 04_PROFESSIONAL_DEVELOPMENT/PD_Completion_Tracker.md; 04_PROFESSIONAL_DEVELOPMENT/Teacher_Practice_Lab_Guide.md; 13_COACHING_OBSERVATION_AND_RUBRIC_ALIGNMENT/Teacher_Growth_Conference_Template.md","PARTIAL | 04_PROFESSIONAL_DEVELOPMENT/PD_Completion_Tracker.md; 14_DATA_TRACKING_AND_APP_READINESS/Stakeholder_Permissions_Map.md","N/A | Not a primary grade-band folder","MET | 15_SLIDE_DECK_DRAFTS/Teacher_Training_Deck.md; 15_SLIDE_DECK_DRAFTS/Culture_Camp_Launch_Deck.md; 15_SLIDE_DECK_DRAFTS/Morning_Meeting_Culture_Lab_Training_Deck.md","PARTIAL | 00_Admin/Audits_And_Maps/Matchbook_Folder_Audit_Tracker.csv; 00_Admin/Audits_And_Maps/Matchbook_Master_Crosswalk_DRAFT.md; 00_Admin/Audits_And_Maps/Matchbook_Artifact_Build_Backlog.md | Crosswalk and backlog still need full folder-first cleanup","CLOSED 2026-06-03: Differentiated_Adult_Pathways_Map.md; New_Hire_Compressed_Pathway.md; Substitute_Pathway.md; Tier_2_Training_Strand.md add the separated adult-training strands"
"05","05_CULTURE_CAMP","01_Current_System/01_Launch_Kit/Current/03_90_Day_Rollout_Package/05_CULTURE_CAMP","N/A | Folder is the working set; no nested source anchor currently visible","MET | 00_Admin/Matchbook_Framework_Build_Control_Center.md; 00_Admin/Matchbook_Folder-Based_System_Plan.md; _INDEX.md","MET | 05_CULTURE_CAMP/Culture_Camp_10-Day_Launch_Kit.md; 05_CULTURE_CAMP/Day-by-Day_Teacher_Guide.md; 05_CULTURE_CAMP/Day-by-Day_Student_Practice_Plan.md; 05_CULTURE_CAMP/Culture_Camp_Message_Boards.md; 05_CULTURE_CAMP/Day_10_Readiness_Review.md","MET | 05_CULTURE_CAMP/Day-by-Day_Teacher_Guide.md; 05_CULTURE_CAMP/Culture_Camp_10-Day_Launch_Kit.md; 05_CULTURE_CAMP/Culture_Camp_Reteach_Plan.md; 05_CULTURE_CAMP/Culture_Camp_Fidelity_Checklist.md","MET | 05_CULTURE_CAMP/Day-by-Day_Teacher_Guide.md; 05_CULTURE_CAMP/Day-by-Day_Student_Practice_Plan.md; 05_CULTURE_CAMP/Culture_Camp_Leadership_Walkthrough_Tool.md; 05_CULTURE_CAMP/Culture_Camp_Family_Communication.md","MET | 05_CULTURE_CAMP/Culture_Camp_Overview.md; 05_CULTURE_CAMP/Culture_Camp_10-Day_Launch_Kit.md; 05_CULTURE_CAMP/Day-by-Day_Teacher_Guide.md; 15_SLIDE_DECK_DRAFTS/Culture_Camp_Launch_Deck.md","MET | 05_CULTURE_CAMP/Culture_Camp_Fidelity_Checklist.md; 05_CULTURE_CAMP/Culture_Camp_Leadership_Walkthrough_Tool.md; 05_CULTURE_CAMP/Day_10_Readiness_Review.md; 13_COACHING_OBSERVATION_AND_RUBRIC_ALIGNMENT/Culture_Camp_Fidelity_Tool.md","PARTIAL | 05_CULTURE_CAMP/Day_10_Readiness_Review.md; 14_DATA_TRACKING_AND_APP_READINESS/App_Module_Map.md; 14_DATA_TRACKING_AND_APP_READINESS/Dashboard_Indicator_Map.md","PARTIAL | Grade-band moves now named in Houses_Launch_SOP.md; Sorting_Ritual_Run_of_Show.md; First_House_Meeting_Guide.md | A full banded Culture Camp sequence remains optional","MET | 15_SLIDE_DECK_DRAFTS/Culture_Camp_Launch_Deck.md; 06_MORNING_MEETING_CULTURE_LAB/Culture Camp Launch Deck.pdf","PARTIAL | 00_Admin/Audits_And_Maps/Matchbook_Folder_Audit_Tracker.csv; 00_Admin/Audits_And_Maps/Matchbook_Master_Crosswalk_DRAFT.md; 00_Admin/Audits_And_Maps/Matchbook_Artifact_Build_Backlog.md | Crosswalk and backlog still need full folder-first cleanup","CLOSED 2026-06-03: Houses_Launch_SOP.md; Sorting_Ritual_Run_of_Show.md; First_House_Meeting_Guide.md make the Day 8-10 Houses and Friday Cypher handoff explicit"
"06","06_MORNING_MEETING_CULTURE_LAB","01_Current_System/01_Launch_Kit/Current/03_90_Day_Rollout_Package/06_MORNING_MEETING_CULTURE_LAB","06_MORNING_MEETING_CULTURE_LAB/MW_MorningMeeting_Culture_Lab_Detailed_Bundle.pdf; 06_MORNING_MEETING_CULTURE_LAB/v.2-morning_meeting_interactive_guide.html","MET | 00_Admin/Matchbook_Framework_Build_Control_Center.md; 00_Admin/Matchbook_Folder-Based_System_Plan.md; _INDEX.md","MET | 06_MORNING_MEETING_CULTURE_LAB/MW_MorningMeeting_Culture_Lab_Detailed_Bundle.pdf; 06_MORNING_MEETING_CULTURE_LAB/Morning Meeting Culture Lab Training Deck.pdf; 06_MORNING_MEETING_CULTURE_LAB/v.2-morning_meeting_interactive_guide.html","MET | 06_MORNING_MEETING_CULTURE_LAB/MW_MorningMeeting_Culture_Lab_Detailed_Bundle.pdf; 06_MORNING_MEETING_CULTURE_LAB/v.2-morning_meeting_interactive_guide.html; 06_MORNING_MEETING_CULTURE_LAB/Teacher Training Deck â€” Culture Lab.pdf","PARTIAL | 06_MORNING_MEETING_CULTURE_LAB/MW_MorningMeeting_Culture_Lab_Detailed_Bundle.pdf; 06_MORNING_MEETING_CULTURE_LAB/Morning Meeting Culture Lab Training Deck.pdf | Student and family surfaces largely live in 11 and 12","MET | 06_MORNING_MEETING_CULTURE_LAB/Morning Meeting Culture Lab Training Deck.pdf; 06_MORNING_MEETING_CULTURE_LAB/Teacher Training Deck â€” Culture Lab.pdf; 06_MORNING_MEETING_CULTURE_LAB/v.2-morning_meeting_interactive_guide.html","PARTIAL | 13_COACHING_OBSERVATION_AND_RUBRIC_ALIGNMENT/Morning_Meeting_Walkthrough_Form.md; 13_COACHING_OBSERVATION_AND_RUBRIC_ALIGNMENT/Rubric_Alignment_Crosswalk.md | No dedicated local observation file in 06_MORNING_MEETING_CULTURE_LAB","PARTIAL | 14_DATA_TRACKING_AND_APP_READINESS/Morning_Meeting_Record_Schema.md; 14_DATA_TRACKING_AND_APP_READINESS/Message_Board_Object_Schema.md; 14_DATA_TRACKING_AND_APP_READINESS/Dashboard_Indicator_Map.md","PARTIAL | 06_MORNING_MEETING_CULTURE_LAB/v.2-morning_meeting_interactive_guide.html; 06_MORNING_MEETING_CULTURE_LAB/MW_MorningMeeting_Culture_Lab_Detailed_Bundle.pdf | Grade-band signals appear to exist but are not packaged as a clean folder-level suite","MET | 06_MORNING_MEETING_CULTURE_LAB/Morning Meeting Culture Lab Training Deck.pdf; 15_SLIDE_DECK_DRAFTS/Morning_Meeting_Culture_Lab_Training_Deck.md","PARTIAL | 00_Admin/Audits_And_Maps/Matchbook_Folder_Audit_Tracker.csv; 00_Admin/Audits_And_Maps/Matchbook_Master_Crosswalk_DRAFT.md; 00_Admin/Audits_And_Maps/Matchbook_Artifact_Build_Backlog.md | Crosswalk and backlog still need full folder-first cleanup","Convert any critical PDF or HTML-only logic into editable operating docs where needed"
"07","07_FRIDAY_CYPHER","01_Current_System/01_Launch_Kit/Current/03_90_Day_Rollout_Package/07_FRIDAY_CYPHER","N/A | Folder is the working set; no nested source anchor currently visible","MET | 00_Admin/Matchbook_Framework_Build_Control_Center.md; 00_Admin/Matchbook_Folder-Based_System_Plan.md; _INDEX.md","MET | 07_FRIDAY_CYPHER/Friday_Cypher_Program_Guide.md; 07_FRIDAY_CYPHER/Friday_Cypher_SOP.md; 07_FRIDAY_CYPHER/Weekly_Run_of_Show.md; 07_FRIDAY_CYPHER/Friday_Cypher_Nomination_Protocol.md; 07_FRIDAY_CYPHER/Friday_Cypher_Student_Scripts.md","MET | 07_FRIDAY_CYPHER/Friday_Cypher_Program_Guide.md; 07_FRIDAY_CYPHER/Friday_Cypher_SOP.md; 07_FRIDAY_CYPHER/Weekly_Run_of_Show.md; 07_FRIDAY_CYPHER/Broadcast_Team_Roles.md; 07_FRIDAY_CYPHER/Walk-In_Six_Protocol.md","MET | 07_FRIDAY_CYPHER/Friday_Cypher_Student_Scripts.md; 07_FRIDAY_CYPHER/Friday_Cypher_Family_Recap_Template.md; 07_FRIDAY_CYPHER/Broadcast_Team_Roles.md; 07_FRIDAY_CYPHER/Student_Spokesperson_Guide.md","MET | 07_FRIDAY_CYPHER/Student_Spokesperson_Guide.md; 07_FRIDAY_CYPHER/Weekly_Run_of_Show.md; 07_FRIDAY_CYPHER/Friday_Cypher_Program_Guide.md; 15_SLIDE_DECK_DRAFTS/Friday_Cypher_Training_Deck.md","PARTIAL | 07_FRIDAY_CYPHER/Friday_Cypher_Data_Tracker.md; 13_COACHING_OBSERVATION_AND_RUBRIC_ALIGNMENT/Observation_and_Coaching_Tool.md | Missing a clearly named Friday Cypher walkthrough form","MET | 07_FRIDAY_CYPHER/Friday_Cypher_Data_Tracker.md; 14_DATA_TRACKING_AND_APP_READINESS/Recognition_Eligibility_Rules.md; 14_DATA_TRACKING_AND_APP_READINESS/App_Module_Map.md","PARTIAL | Grade-band recognition and emcee moves now named across LiveSchool_and_Friday_Cypher_Operations_Guide.md and the new Friday Cypher operating files","MET | 15_SLIDE_DECK_DRAFTS/Friday_Cypher_Training_Deck.md; 06_MORNING_MEETING_CULTURE_LAB/Friday Cypher Training Deck.pdf","PARTIAL | 00_Admin/Audits_And_Maps/Matchbook_Folder_Audit_Tracker.csv; 00_Admin/Audits_And_Maps/Matchbook_Master_Crosswalk_DRAFT.md; 00_Admin/Audits_And_Maps/Matchbook_Artifact_Build_Backlog.md | Crosswalk and backlog still need full folder-first cleanup","CLOSED 2026-06-03: LiveSchool_and_Friday_Cypher_Operations_Guide.md; House_Evidence_Tracker_and_Review_Queue.md; House_Leaderboard_and_Cycle_Data_View.md; Winner_Roster_Tracker.md; Cypher_Champion_and_Week_9_Tracker.md; Absent_Winner_and_Make-Good_SOP.md; Parent_Communication_and_Notification_Pack.md establish one recognition model; House_Cycle_Integration_Guide.md realigned to canonical Houses doctrine"
"08","08_FAMILY_CONNECTION_WHEEL","01_Current_System/01_Launch_Kit/Current/03_90_Day_Rollout_Package/08_FAMILY_CONNECTION_WHEEL","N/A | Folder is the working set; no nested source anchor currently visible","MET | 00_Admin/Matchbook_Framework_Build_Control_Center.md; 00_Admin/Matchbook_Folder-Based_System_Plan.md; _INDEX.md","MET | 08_FAMILY_CONNECTION_WHEEL/Family_Connection_Wheel_Program_Guide.md; 08_FAMILY_CONNECTION_WHEEL/Family_Connection_Wheel_SOP.md; 08_FAMILY_CONNECTION_WHEEL/Call_Type_Definitions.md; 08_FAMILY_CONNECTION_WHEEL/Family_Follow-Up_Protocol.md","MET | 08_FAMILY_CONNECTION_WHEEL/Family_Connection_Wheel_SOP.md; 08_FAMILY_CONNECTION_WHEEL/Call_Type_Definitions.md; 08_FAMILY_CONNECTION_WHEEL/Shout-Out_Call_Script.md; 08_FAMILY_CONNECTION_WHEEL/Growth_Call_Script.md; 08_FAMILY_CONNECTION_WHEEL/Partnership_Call_Script.md","MET | 08_FAMILY_CONNECTION_WHEEL/Privacy_and_Dignity_Guardrails.md; 08_FAMILY_CONNECTION_WHEEL/Family_Connection_Wheel_Program_Guide.md; 08_FAMILY_CONNECTION_WHEEL/Call_Type_Definitions.md","MET | 08_FAMILY_CONNECTION_WHEEL/Family_Connection_Wheel_Program_Guide.md; 08_FAMILY_CONNECTION_WHEEL/Family_Connection_Wheel_SOP.md; 15_SLIDE_DECK_DRAFTS/Family_Connection_Wheel_Training_Deck.md","PARTIAL | 08_FAMILY_CONNECTION_WHEEL/Family_Contact_Evidence_Tracker.md; 08_FAMILY_CONNECTION_WHEEL/Family_Follow-Up_Protocol.md | Missing a clearly named fidelity or review routine for call quality","MET | 08_FAMILY_CONNECTION_WHEEL/Family_Connection_Dashboard_Fields.md; 08_FAMILY_CONNECTION_WHEEL/Family_Contact_Evidence_Tracker.md; 14_DATA_TRACKING_AND_APP_READINESS/Family_Connection_Record_Schema.md; 08_FAMILY_CONNECTION_WHEEL/Privacy_and_Dignity_Guardrails.md","MET | Family_Contact_by_Grade_Band.md names K-2, 3-5, 6-8 contact variants for all three call types","MET | 15_SLIDE_DECK_DRAFTS/Family_Connection_Wheel_Training_Deck.md","PARTIAL | 00_Admin/Audits_And_Maps/Matchbook_Folder_Audit_Tracker.csv; 00_Admin/Audits_And_Maps/Matchbook_Master_Crosswalk_DRAFT.md; 00_Admin/Audits_And_Maps/Matchbook_Artifact_Build_Backlog.md | Crosswalk and backlog still need full folder-first cleanup","CLOSED 2026-06-03: Call_Type_Trigger_Rules.md sets triggers and follow-up loop closure; Call_Type_Definitions.md rewritten to three restorative-team-conducted call types with the teacher spinning the wheel"
"09","09_RESPONSIVE_BEHAVIOR_PLAN","01_Current_System/01_Launch_Kit/Current/03_90_Day_Rollout_Package/09_RESPONSIVE_BEHAVIOR_PLAN","N/A | Folder is the working set; no nested source anchor currently visible","MET | 00_Admin/Matchbook_Framework_Build_Control_Center.md; 00_Admin/Matchbook_Folder-Based_System_Plan.md; _INDEX.md","MET | 09_RESPONSIVE_BEHAVIOR_PLAN/Responsive_Behavior_Plan_Overview.md; 09_RESPONSIVE_BEHAVIOR_PLAN/Responsive_Behavior_Plan_SOP.md; 09_RESPONSIVE_BEHAVIOR_PLAN/Response_Pathway.md; 09_RESPONSIVE_BEHAVIOR_PLAN/Private_Check-In_Protocol.md; 09_RESPONSIVE_BEHAVIOR_PLAN/Live_Card_System.md","MET | 09_RESPONSIVE_BEHAVIOR_PLAN/Response_Pathway.md; 09_RESPONSIVE_BEHAVIOR_PLAN/Private_Check-In_Protocol.md; 09_RESPONSIVE_BEHAVIOR_PLAN/Teacher_Reset_Scripts.md; 09_RESPONSIVE_BEHAVIOR_PLAN/Repair_and_Re-Entry_Routine.md; 09_RESPONSIVE_BEHAVIOR_PLAN/Teach_It-Use_It_Live-Reflect_and_Report_Guide.md","PARTIAL | 09_RESPONSIVE_BEHAVIOR_PLAN/Responsive_Behavior_Plan_SOP.md; 09_RESPONSIVE_BEHAVIOR_PLAN/Documentation_and_Reflection_Tool.md | Adult-facing materials are strong, but family and leadership handoff surfaces are not fully split in-folder","MET | 09_RESPONSIVE_BEHAVIOR_PLAN/Responsive_Behavior_Plan_Training_Deck.md; 09_RESPONSIVE_BEHAVIOR_PLAN/Scenario_Bank.md; 09_RESPONSIVE_BEHAVIOR_PLAN/Teach_It-Use_It_Live-Reflect_and_Report_Guide.md","MET | 09_RESPONSIVE_BEHAVIOR_PLAN/Documentation_and_Reflection_Tool.md; 09_RESPONSIVE_BEHAVIOR_PLAN/Scenario_Bank.md; 13_COACHING_OBSERVATION_AND_RUBRIC_ALIGNMENT/Observation_and_Coaching_Tool.md","MET | 09_RESPONSIVE_BEHAVIOR_PLAN/Responsive_Plan_App_Field_Map.md; 09_RESPONSIVE_BEHAVIOR_PLAN/Live_Card_System.md; 14_DATA_TRACKING_AND_APP_READINESS/Observation_Record_Schema.md","MET | Grade_Band_Escalation_Examples.md provides K-2, 3-5, 6-8 response examples","MET | 09_RESPONSIVE_BEHAVIOR_PLAN/Responsive_Behavior_Plan_Training_Deck.md; 15_SLIDE_DECK_DRAFTS/Responsive_Behavior_Plan_Training_Deck.md","PARTIAL | 00_Admin/Audits_And_Maps/Matchbook_Folder_Audit_Tracker.csv; 00_Admin/Audits_And_Maps/Matchbook_Master_Crosswalk_DRAFT.md; 00_Admin/Audits_And_Maps/Matchbook_Artifact_Build_Backlog.md | Crosswalk and backlog still need full folder-first cleanup","CLOSED 2026-06-03: Grade_Band_Escalation_Examples.md adds banded examples; Restorative_Stance_and_Community_Principles.md anchors stance; handoffs tightened in 18/Behavior_Response_Chain_Handoff_Map.md"
"10","10_RESTORATIVE_REPAIR","01_Current_System/01_Launch_Kit/Current/03_90_Day_Rollout_Package/10_RESTORATIVE_REPAIR","N/A | Folder is the working set; no nested source anchor currently visible","MET | 00_Admin/Matchbook_Framework_Build_Control_Center.md; 00_Admin/Matchbook_Folder-Based_System_Plan.md; _INDEX.md","MET | 10_RESTORATIVE_REPAIR/Restorative_Repair_Framework.md; 10_RESTORATIVE_REPAIR/Repair_After_Regulation_SOP.md; 10_RESTORATIVE_REPAIR/Repair_Conversation_Scripts.md; 10_RESTORATIVE_REPAIR/Restorative_Language_Bank.md","MET | 10_RESTORATIVE_REPAIR/Repair_After_Regulation_SOP.md; 10_RESTORATIVE_REPAIR/Repair_Conversation_Scripts.md; 10_RESTORATIVE_REPAIR/Regulate-Relate-Reason_Guide.md; 10_RESTORATIVE_REPAIR/Teacher_Repair_Planning_Tool.md","PARTIAL | 10_RESTORATIVE_REPAIR/Student_Reflection_Form.md; 10_RESTORATIVE_REPAIR/Teacher_Repair_Planning_Tool.md | Family-facing repair surfaces largely live outside the folder","MET | 10_RESTORATIVE_REPAIR/Restorative_Repair_Framework.md; 10_RESTORATIVE_REPAIR/Regulate-Relate-Reason_Guide.md; 15_SLIDE_DECK_DRAFTS/Restorative_Repair_Training_Deck.md","PARTIAL | 10_RESTORATIVE_REPAIR/Repair_Evidence_Tracker.md; 10_RESTORATIVE_REPAIR/Teacher_Repair_Planning_Tool.md; 13_COACHING_OBSERVATION_AND_RUBRIC_ALIGNMENT/Teacher_Growth_Conference_Template.md | Missing a clearly named local walkthrough tool","PARTIAL | 10_RESTORATIVE_REPAIR/Repair_Evidence_Tracker.md; 14_DATA_TRACKING_AND_APP_READINESS/Data_Dictionary.md | Evidence exists, but permissions and dashboard implications are not localized here","MET | Restorative_Repair_by_Grade_Band.md provides K-2, 3-5, 6-8 repair variants","MET | 15_SLIDE_DECK_DRAFTS/Restorative_Repair_Training_Deck.md; 06_MORNING_MEETING_CULTURE_LAB/Restorative Repair Training Deck.pdf","PARTIAL | 00_Admin/Audits_And_Maps/Matchbook_Folder_Audit_Tracker.csv; 00_Admin/Audits_And_Maps/Matchbook_Master_Crosswalk_DRAFT.md; 00_Admin/Audits_And_Maps/Matchbook_Artifact_Build_Backlog.md | Crosswalk and backlog still need full folder-first cleanup","CLOSED 2026-06-03: Restorative_Repair_Observation_Look-Fors.md adds stronger look-fors; family repair-at-home in 12/Repair_at_Home_Guide.md"
"11","11_STUDENT_TRAINING_AND_VOICE","01_Current_System/01_Launch_Kit/Current/03_90_Day_Rollout_Package/11_STUDENT_TRAINING_AND_VOICE","11_STUDENT_TRAINING_AND_VOICE/06_Student_Leadership_System/06_Student_Leadership_System.docx","MET | 00_Admin/Matchbook_Framework_Build_Control_Center.md; 00_Admin/Matchbook_Folder-Based_System_Plan.md; _INDEX.md","MET | 11_STUDENT_TRAINING_AND_VOICE/Student_Guide_to_Morning_Meeting_Culture_Lab.md; 11_STUDENT_TRAINING_AND_VOICE/Student_Role_Cards.md; 11_STUDENT_TRAINING_AND_VOICE/Student_Questioning_Guide.md; 11_STUDENT_TRAINING_AND_VOICE/Student_Voice_Sentence_Frames.md; 11_STUDENT_TRAINING_AND_VOICE/Friday_Cypher_Student_Training_Guide.md","PARTIAL | 11_STUDENT_TRAINING_AND_VOICE/On_the_One_Student_Leader_Training.md; 11_STUDENT_TRAINING_AND_VOICE/Student_Role_Cards.md; 11_STUDENT_TRAINING_AND_VOICE/Student_Questioning_Guide.md | Strong student moves exist, but adult facilitation moves are not yet named as a separate guide","PARTIAL | 11_STUDENT_TRAINING_AND_VOICE/Student_Guide_to_Morning_Meeting_Culture_Lab.md; 11_STUDENT_TRAINING_AND_VOICE/Student_Leadership_Tracker.md | Student-facing surfaces are strong; adult facilitation layer remains thin","PARTIAL | 11_STUDENT_TRAINING_AND_VOICE/Friday_Cypher_Student_Training_Guide.md; 11_STUDENT_TRAINING_AND_VOICE/On_the_One_Student_Leader_Training.md; 15_SLIDE_DECK_DRAFTS/Student_Leader_Training_Deck.md | Missing a clearly named adult facilitation guide","PARTIAL | 11_STUDENT_TRAINING_AND_VOICE/Student_Leadership_Tracker.md; 13_COACHING_OBSERVATION_AND_RUBRIC_ALIGNMENT/Observation_and_Coaching_Tool.md","PARTIAL | 11_STUDENT_TRAINING_AND_VOICE/Student_Leadership_Tracker.md; 14_DATA_TRACKING_AND_APP_READINESS/Student_Evidence_Record_Schema.md","MET | House_Captain_and_Ambassador_Role_Progression.md provides a clean K-2, 3-5, 6-8 leadership progression","MET | 15_SLIDE_DECK_DRAFTS/Student_Leader_Training_Deck.md","PARTIAL | 00_Admin/Audits_And_Maps/Matchbook_Folder_Audit_Tracker.csv; 00_Admin/Audits_And_Maps/Matchbook_Master_Crosswalk_DRAFT.md; 00_Admin/Audits_And_Maps/Matchbook_Artifact_Build_Backlog.md | Crosswalk and backlog still need full folder-first cleanup","CLOSED 2026-06-03: Adult_Facilitation_Guide_for_Student_Leadership.md; Peer_Mentor_Structure_Vertical_Pairs.md; House_Captain_and_Ambassador_Role_Progression.md add adult facilitation, peer-mentor structure, and banded role progression"
"12","12_FAMILY_COMMUNICATION","01_Current_System/01_Launch_Kit/Current/03_90_Day_Rollout_Package/12_FAMILY_COMMUNICATION","12_FAMILY_COMMUNICATION/05_Family_Partnership_System/05_Family_Partnership_System.docx","MET | 00_Admin/Matchbook_Framework_Build_Control_Center.md; 00_Admin/Matchbook_Folder-Based_System_Plan.md; _INDEX.md","MET | 12_FAMILY_COMMUNICATION/Culture_Lab_Family_Overview.md; 12_FAMILY_COMMUNICATION/Family_Connection_Wheel_Explainer.md; 12_FAMILY_COMMUNICATION/Family_FAQ.md; 12_FAMILY_COMMUNICATION/Family_Introduction_Letter.md; 12_FAMILY_COMMUNICATION/Quarter_1_Family_Culture_Session_Agenda.md","PARTIAL | 12_FAMILY_COMMUNICATION/Growth_Call_Follow-Up_Templates.md; 12_FAMILY_COMMUNICATION/Partnership_Call_Follow-Up_Templates.md | Live adult call moves sit primarily in 08_FAMILY_CONNECTION_WHEEL","MET | 12_FAMILY_COMMUNICATION/Culture_Lab_Family_Overview.md; 12_FAMILY_COMMUNICATION/Family_Introduction_Letter.md; 12_FAMILY_COMMUNICATION/Family_FAQ.md; 12_FAMILY_COMMUNICATION/Friday_Cypher_Family_Explainer.md","MET | Family_Culture_Session_Facilitator_Guide.md provides the facilitated session toolkit; Quarter_1_Family_Culture_Session_Agenda.md","PARTIAL | 12_FAMILY_COMMUNICATION/Quarter_1_Family_Culture_Session_Agenda.md; 08_FAMILY_CONNECTION_WHEEL/Family_Contact_Evidence_Tracker.md | Family communication review logic is attached but not fully localized here","PARTIAL | 08_FAMILY_CONNECTION_WHEEL/Family_Connection_Dashboard_Fields.md; 14_DATA_TRACKING_AND_APP_READINESS/Family_Connection_Record_Schema.md | Data implications are named next door, not fully inside 12_FAMILY_COMMUNICATION","MET | Family_Messaging_by_Grade_Band.md provides one coherent message with K-2, 3-5, 6-8 emphasis","PARTIAL | 15_SLIDE_DECK_DRAFTS/Family_Connection_Wheel_Training_Deck.md | No clearly named Family Communication deck","PARTIAL | 00_Admin/Audits_And_Maps/Matchbook_Folder_Audit_Tracker.csv; 00_Admin/Audits_And_Maps/Matchbook_Master_Crosswalk_DRAFT.md; 00_Admin/Audits_And_Maps/Matchbook_Artifact_Build_Backlog.md | Crosswalk and backlog still need full folder-first cleanup","CLOSED 2026-06-03: Dysregulation_vs_Defiance_Family_Guide.md; Repair_at_Home_Guide.md; Family_Feedback_Loop.md; plus Family_Culture_Session_Facilitator_Guide.md and Family_Messaging_by_Grade_Band.md"
"13","13_COACHING_OBSERVATION_AND_RUBRIC_ALIGNMENT","01_Current_System/01_Launch_Kit/Current/03_90_Day_Rollout_Package/13_COACHING_OBSERVATION_AND_RUBRIC_ALIGNMENT","N/A | Folder is the working set; no nested source anchor currently visible","MET | 00_Admin/Matchbook_Framework_Build_Control_Center.md; 00_Admin/Matchbook_Folder-Based_System_Plan.md; _INDEX.md","MET | 13_COACHING_OBSERVATION_AND_RUBRIC_ALIGNMENT/Observation_and_Coaching_Tool.md; 13_COACHING_OBSERVATION_AND_RUBRIC_ALIGNMENT/Morning_Meeting_Walkthrough_Form.md; 13_COACHING_OBSERVATION_AND_RUBRIC_ALIGNMENT/Rubric_Alignment_Crosswalk.md; 13_COACHING_OBSERVATION_AND_RUBRIC_ALIGNMENT/Leader_Calibration_Guide.md","MET | 13_COACHING_OBSERVATION_AND_RUBRIC_ALIGNMENT/Coaching_Conversation_Guide.md; 13_COACHING_OBSERVATION_AND_RUBRIC_ALIGNMENT/See_It-Name_It-Be_It_Coaching_Protocol.md; 13_COACHING_OBSERVATION_AND_RUBRIC_ALIGNMENT/Teacher_Growth_Conference_Template.md","MET | 13_COACHING_OBSERVATION_AND_RUBRIC_ALIGNMENT/Leader_Calibration_Guide.md; 13_COACHING_OBSERVATION_AND_RUBRIC_ALIGNMENT/Teacher_Growth_Conference_Template.md; 13_COACHING_OBSERVATION_AND_RUBRIC_ALIGNMENT/Coaching_Notes_Template.md","MET | 13_COACHING_OBSERVATION_AND_RUBRIC_ALIGNMENT/Leader_Calibration_Guide.md; 13_COACHING_OBSERVATION_AND_RUBRIC_ALIGNMENT/Coaching_Conversation_Guide.md; 13_COACHING_OBSERVATION_AND_RUBRIC_ALIGNMENT/Observation_and_Coaching_Tool.md","MET | 13_COACHING_OBSERVATION_AND_RUBRIC_ALIGNMENT/Observation_and_Coaching_Tool.md; 13_COACHING_OBSERVATION_AND_RUBRIC_ALIGNMENT/Rubric_Evidence_Tracker.md; 14_DATA_TRACKING_AND_APP_READINESS/Observation_Record_Schema.md","N/A | Not a primary grade-band folder","PARTIAL | 15_SLIDE_DECK_DRAFTS/Leadership_Alignment_Deck.md; 15_SLIDE_DECK_DRAFTS/Teacher_Training_Deck.md | No clearly named coaching deck","PARTIAL | 00_Admin/Audits_And_Maps/Matchbook_Folder_Audit_Tracker.csv; 00_Admin/Audits_And_Maps/Matchbook_Master_Crosswalk_DRAFT.md; 00_Admin/Audits_And_Maps/Matchbook_Artifact_Build_Backlog.md | Crosswalk and backlog still need full folder-first cleanup","Specify folder-by-folder tool cadence so observers know exactly which form to use when"
"14","14_DATA_TRACKING_AND_APP_READINESS","01_Current_System/01_Launch_Kit/Current/03_90_Day_Rollout_Package/14_DATA_TRACKING_AND_APP_READINESS","14_DATA_TRACKING_AND_APP_READINESS/07_Culture_Data_Architecture/07_Culture_Data_Architecture.docx","MET | 00_Admin/Matchbook_Framework_Build_Control_Center.md; 00_Admin/Matchbook_Folder-Based_System_Plan.md; _INDEX.md","MET | 14_DATA_TRACKING_AND_APP_READINESS/App_Module_Map.md; 14_DATA_TRACKING_AND_APP_READINESS/Backend_Data_Architecture.md; 14_DATA_TRACKING_AND_APP_READINESS/Data_Dictionary.md; 14_DATA_TRACKING_AND_APP_READINESS/Dashboard_Indicator_Map.md; 14_DATA_TRACKING_AND_APP_READINESS/Evidence_Conversion_Logic.md","N/A | Data layer; live adult-move files sit in the operating folders","MET | 14_DATA_TRACKING_AND_APP_READINESS/Stakeholder_Permissions_Map.md; 14_DATA_TRACKING_AND_APP_READINESS/Teacher_Burden_Check.md; 14_DATA_TRACKING_AND_APP_READINESS/Privacy_and_Visibility_Rules.md; 14_DATA_TRACKING_AND_APP_READINESS/App_Data_Privacy_Guardrails.md","PARTIAL | 14_DATA_TRACKING_AND_APP_READINESS/App_Module_Map.md; 14_DATA_TRACKING_AND_APP_READINESS/Data_Dictionary.md; 15_SLIDE_DECK_DRAFTS/App-Data_Architecture_Deck.md | Orientation exists, but there is no dedicated facilitator guide","MET | 14_DATA_TRACKING_AND_APP_READINESS/Observation_Record_Schema.md; 14_DATA_TRACKING_AND_APP_READINESS/Dashboard_Indicator_Map.md; 14_DATA_TRACKING_AND_APP_READINESS/Evidence_Conversion_Logic.md","MET | 14_DATA_TRACKING_AND_APP_READINESS/Backend_Data_Architecture.md; 14_DATA_TRACKING_AND_APP_READINESS/Data_Dictionary.md; 14_DATA_TRACKING_AND_APP_READINESS/Stakeholder_Permissions_Map.md; 14_DATA_TRACKING_AND_APP_READINESS/Recognition_Eligibility_Rules.md","N/A | Not a primary grade-band folder","MET | 15_SLIDE_DECK_DRAFTS/App-Data_Architecture_Deck.md","PARTIAL | 00_Admin/Audits_And_Maps/Matchbook_Folder_Audit_Tracker.csv; 00_Admin/Audits_And_Maps/Matchbook_Master_Crosswalk_DRAFT.md; 00_Admin/Audits_And_Maps/Matchbook_Artifact_Build_Backlog.md | Crosswalk and backlog still need full folder-first cleanup","Complete the one-to-one folder-to-data object map and confirm the low-burden field set"
"15","15_SLIDE_DECK_DRAFTS","01_Current_System/01_Launch_Kit/Current/03_90_Day_Rollout_Package/15_SLIDE_DECK_DRAFTS","N/A | Folder is the working set; no nested source anchor currently visible","MET | 00_Admin/Matchbook_Framework_Build_Control_Center.md; 00_Admin/Matchbook_Folder-Based_System_Plan.md; _INDEX.md","MET | 15_SLIDE_DECK_DRAFTS/90-Day_Rollout_Overview_Deck.md; 15_SLIDE_DECK_DRAFTS/Leadership_Alignment_Deck.md; 15_SLIDE_DECK_DRAFTS/Teacher_Training_Deck.md; 15_SLIDE_DECK_DRAFTS/Culture_Camp_Launch_Deck.md; 15_SLIDE_DECK_DRAFTS/App-Data_Architecture_Deck.md","N/A | Slide layer; live adult moves sit in the operating folders","MET | 15_SLIDE_DECK_DRAFTS/Leadership_Alignment_Deck.md; 15_SLIDE_DECK_DRAFTS/Teacher_Training_Deck.md; 15_SLIDE_DECK_DRAFTS/Student_Leader_Training_Deck.md; 15_SLIDE_DECK_DRAFTS/Family_Connection_Wheel_Training_Deck.md","MET | 15_SLIDE_DECK_DRAFTS/Teacher_Training_Deck.md; 15_SLIDE_DECK_DRAFTS/Culture_Camp_Launch_Deck.md; 15_SLIDE_DECK_DRAFTS/Friday_Cypher_Training_Deck.md; 15_SLIDE_DECK_DRAFTS/Responsive_Behavior_Plan_Training_Deck.md","PARTIAL | 15_SLIDE_DECK_DRAFTS/Leadership_Alignment_Deck.md; 15_SLIDE_DECK_DRAFTS/Teacher_Training_Deck.md | Coaching content appears, but the observation tools themselves live in 13","PARTIAL | 15_SLIDE_DECK_DRAFTS/App-Data_Architecture_Deck.md | Detailed data and permission logic lives in 14","GAP | No clearly named grade-band deck set in 15_SLIDE_DECK_DRAFTS","PARTIAL | 15_SLIDE_DECK_DRAFTS/90-Day_Rollout_Overview_Deck.md; 15_SLIDE_DECK_DRAFTS/Teacher_Training_Deck.md; 15_SLIDE_DECK_DRAFTS/Friday_Cypher_Training_Deck.md | Decks exist, but source-folder citations are not yet fully explicit","PARTIAL | 00_Admin/Audits_And_Maps/Matchbook_Folder_Audit_Tracker.csv; 00_Admin/Audits_And_Maps/Matchbook_Master_Crosswalk_DRAFT.md; 00_Admin/Audits_And_Maps/Matchbook_Artifact_Build_Backlog.md | Crosswalk and backlog still need full folder-first cleanup","Add explicit source-folder citations so decks stop drifting from operating docs"
"16","16_CLAUDE_DESIGN_HANDOFF","01_Current_System/01_Launch_Kit/Current/03_90_Day_Rollout_Package/16_CLAUDE_DESIGN_HANDOFF","N/A | Folder is the working set; no nested source anchor currently visible","MET | 00_Admin/Matchbook_Framework_Build_Control_Center.md; 00_Admin/Matchbook_Folder-Based_System_Plan.md; _INDEX.md","MET | 16_CLAUDE_DESIGN_HANDOFF/Claude_Design_Master_Handoff.md; 16_CLAUDE_DESIGN_HANDOFF/Design_Brief_2026-06-01.md; 16_CLAUDE_DESIGN_HANDOFF/Design_Style_Guide.md; 16_CLAUDE_DESIGN_HANDOFF/Document_Design_Instructions.md; 16_CLAUDE_DESIGN_HANDOFF/Slide_Design_Instructions.md","N/A | Design handoff layer; live adult moves sit in the operating folders","MET | 16_CLAUDE_DESIGN_HANDOFF/Claude_Design_Master_Handoff.md; 16_CLAUDE_DESIGN_HANDOFF/Slide_Design_Instructions.md; 16_CLAUDE_DESIGN_HANDOFF/Document_Design_Instructions.md; 16_CLAUDE_DESIGN_HANDOFF/Bundle_Navigation_Map.md","PARTIAL | 16_CLAUDE_DESIGN_HANDOFF/Claude_Design_Master_Handoff.md; 16_CLAUDE_DESIGN_HANDOFF/Final_Production_Checklist.md | Handoff exists, but no separate design-facilitation workflow by audience","N/A | Not a primary observation or fidelity folder","N/A | Not a primary data-logic folder","N/A | Not a primary grade-band folder","PARTIAL | 16_CLAUDE_DESIGN_HANDOFF/Slide_Design_Instructions.md; 16_CLAUDE_DESIGN_HANDOFF/Claude_Design_Master_Handoff.md | Source-folder references still need to be made explicit throughout","PARTIAL | 00_Admin/Audits_And_Maps/Matchbook_Folder_Audit_Tracker.csv; 00_Admin/Audits_And_Maps/Matchbook_Master_Crosswalk_DRAFT.md; 00_Admin/Audits_And_Maps/Matchbook_Artifact_Build_Backlog.md | Crosswalk and backlog still need full folder-first cleanup","Make every design request point back to a source folder and artifact owner"
"17","17_SCHOOLWIDE_ROUTINES","01_Current_System/01_Launch_Kit/Current/03_90_Day_Rollout_Package/17_SCHOOLWIDE_ROUTINES","17_SCHOOLWIDE_ROUTINES/02_Recognition_System_Playbook/02_Recognition_System_Playbook.docx; 17_SCHOOLWIDE_ROUTINES/03_Vertical_Houses_System/03_Vertical_Houses_System.docx; 17_SCHOOLWIDE_ROUTINES/11_Schoolwide_Routines_Playbook/11_Schoolwide_Routines_Playbook.docx","MET | 00_Admin/Matchbook_Framework_Build_Control_Center.md; 00_Admin/Matchbook_Folder-Based_System_Plan.md; _INDEX.md","MET | 17_SCHOOLWIDE_ROUTINES/Schoolwide_Routines_Program_Guide.md; 17_SCHOOLWIDE_ROUTINES/Arrival_and_First_Five_Guide.md; 17_SCHOOLWIDE_ROUTINES/In-Class_Transitions_K-4_Guide.md; 17_SCHOOLWIDE_ROUTINES/Hallway_Transitions_Guide.md; 17_SCHOOLWIDE_ROUTINES/Cafeteria_Routines_Guide.md; 17_SCHOOLWIDE_ROUTINES/Recess_and_Playground_Guide.md","MET | 17_SCHOOLWIDE_ROUTINES/Arrival_and_First_Five_Guide.md; 17_SCHOOLWIDE_ROUTINES/In-Class_Transitions_K-4_Guide.md; 17_SCHOOLWIDE_ROUTINES/Classroom_Exit_Routine_Guide.md; 17_SCHOOLWIDE_ROUTINES/Hallway_Transitions_Guide.md; 17_SCHOOLWIDE_ROUTINES/Cafeteria_Routines_Guide.md","PARTIAL | 17_SCHOOLWIDE_ROUTINES/Schoolwide_Routines_Program_Guide.md | Adult routine guides are strong, but student and family-facing routine surfaces mostly live in 05 and 11","MET | 17_SCHOOLWIDE_ROUTINES/Schoolwide_Routines_Program_Guide.md; 17_SCHOOLWIDE_ROUTINES/Culture_Camp_Routines_Teaching_Sequence.md; 17_SCHOOLWIDE_ROUTINES/Schoolwide_Routines_Walkthrough_Look-Fors.md","MET | 17_SCHOOLWIDE_ROUTINES/Schoolwide_Routines_Walkthrough_Look-Fors.md; 13_COACHING_OBSERVATION_AND_RUBRIC_ALIGNMENT/Observation_and_Coaching_Tool.md","PARTIAL | 14_DATA_TRACKING_AND_APP_READINESS/App_Module_Map.md; 14_DATA_TRACKING_AND_APP_READINESS/Observation_Record_Schema.md | Data implications are attached next door, not localized here","PARTIAL | 17_SCHOOLWIDE_ROUTINES/In-Class_Transitions_K-4_Guide.md | Some banding exists, but there is no full K-2, 3-5, 6-8 routine suite","PARTIAL | 15_SLIDE_DECK_DRAFTS/Morning_Meeting_Culture_Lab_Training_Deck.md; 15_SLIDE_DECK_DRAFTS/Friday_Cypher_Training_Deck.md | No dedicated Schoolwide Routines deck","PARTIAL | 00_Admin/Audits_And_Maps/Matchbook_Folder_Audit_Tracker.csv; 00_Admin/Audits_And_Maps/Matchbook_Master_Crosswalk_DRAFT.md; 00_Admin/Audits_And_Maps/Matchbook_Artifact_Build_Backlog.md | Crosswalk and backlog still need full folder-first cleanup","PARTIAL 2026-06-03: Houses and Recognition source anchors operationalized into House_Origin_Story_and_Mantra_Brief.md; House_Visual_Identity_Brief.md; Staff_Ownership_Map.md; Cardinal_Cash_and_LiveSchool_Operating_Guide.md; Point_Deduction_and_Redemption_Rules.md; Monthly_Equity_Audit_Workflow.md. Next: complete schoolwide grade-band routine overlays"
"18","18_BEHAVIOR_INTERVENTION_LADDER","01_Current_System/01_Launch_Kit/Current/03_90_Day_Rollout_Package/18_BEHAVIOR_INTERVENTION_LADDER","18_BEHAVIOR_INTERVENTION_LADDER/12_Behavior_Intervention_Ladder/12_Behavior_Intervention_Ladder.docx","MET | 00_Admin/Matchbook_Framework_Build_Control_Center.md; 00_Admin/Matchbook_Folder-Based_System_Plan.md; _INDEX.md","MET | 18_BEHAVIOR_INTERVENTION_LADDER/Behavior_Intervention_Ladder_Program_Guide.md; 18_BEHAVIOR_INTERVENTION_LADDER/Behavior_Intervention_Ladder_At-a-Glance.md; 18_BEHAVIOR_INTERVENTION_LADDER/Level_0-4_Adult_Move_Guide.md; 18_BEHAVIOR_INTERVENTION_LADDER/Take-a-Break_Protocol_Package.md; 18_BEHAVIOR_INTERVENTION_LADDER/Level_5_Decision_Guide.md; 18_BEHAVIOR_INTERVENTION_LADDER/Level_6_OSS_Consideration_Guide.md","MET | 18_BEHAVIOR_INTERVENTION_LADDER/Level_0-4_Adult_Move_Guide.md; 18_BEHAVIOR_INTERVENTION_LADDER/Take-a-Break_Protocol_Package.md; 18_BEHAVIOR_INTERVENTION_LADDER/Level_5_Decision_Guide.md; 18_BEHAVIOR_INTERVENTION_LADDER/Tier_3_Sidecar_Guide.md","PARTIAL | 18_BEHAVIOR_INTERVENTION_LADDER/Behavior_Intervention_Ladder_Program_Guide.md | Adult decision surfaces are strong, but family and student-facing explanation surfaces mostly live outside the folder","MET | 18_BEHAVIOR_INTERVENTION_LADDER/Behavior_Intervention_Ladder_Program_Guide.md; 18_BEHAVIOR_INTERVENTION_LADDER/Behavior_Intervention_Ladder_At-a-Glance.md; 15_SLIDE_DECK_DRAFTS/Responsive_Behavior_Plan_Training_Deck.md","MET | 18_BEHAVIOR_INTERVENTION_LADDER/Behavior_Intervention_Ladder_Walkthrough_Look-Fors.md","MET | 18_BEHAVIOR_INTERVENTION_LADDER/LiveSchool_Auto-Trigger_Map.md; 09_RESPONSIVE_BEHAVIOR_PLAN/Responsive_Plan_App_Field_Map.md; 14_DATA_TRACKING_AND_APP_READINESS/Observation_Record_Schema.md","MET | Behavior_Intervention_Ladder_Scenario_Bank_by_Band.md provides banded calibration scenarios","PARTIAL | 15_SLIDE_DECK_DRAFTS/Responsive_Behavior_Plan_Training_Deck.md | No dedicated Ladder deck clearly named in 15_SLIDE_DECK_DRAFTS","PARTIAL | 00_Admin/Audits_And_Maps/Matchbook_Folder_Audit_Tracker.csv; 00_Admin/Audits_And_Maps/Matchbook_Master_Crosswalk_DRAFT.md; 00_Admin/Audits_And_Maps/Matchbook_Artifact_Build_Backlog.md | Crosswalk and backlog still need full folder-first cleanup","PARTIAL 2026-06-03: Behavior_Intervention_Ladder_Scenario_Bank_by_Band.md and Behavior_Response_Chain_Handoff_Map.md added; a dedicated ladder deck remains a 15_SLIDE_DECK_DRAFTS task"
"19","19_ISS_AND_RESTORATIVE_DETENTION","01_Current_System/01_Launch_Kit/Current/03_90_Day_Rollout_Package/19_ISS_AND_RESTORATIVE_DETENTION","19_ISS_AND_RESTORATIVE_DETENTION/13_ISS_and_Restorative_Detention_Procedures/13_ISS_and_Restorative_Detention_Procedures.docx","MET | 00_Admin/Matchbook_Framework_Build_Control_Center.md; 00_Admin/Matchbook_Folder-Based_System_Plan.md; _INDEX.md","MET | 19_ISS_AND_RESTORATIVE_DETENTION/ISS_and_Restorative_Detention_Program_Guide.md; 19_ISS_AND_RESTORATIVE_DETENTION/Lunch_Detention_Teacher-Led_Guide.md; 19_ISS_AND_RESTORATIVE_DETENTION/Lunch_Detention_Restorative_Team-Led_Guide.md; 19_ISS_AND_RESTORATIVE_DETENTION/Half-Day_ISS_Guide.md; 19_ISS_AND_RESTORATIVE_DETENTION/Full-Day_ISS_Guide.md; 19_ISS_AND_RESTORATIVE_DETENTION/Re-Entry_Protocol_Packet.md","MET | 19_ISS_AND_RESTORATIVE_DETENTION/Lunch_Detention_Teacher-Led_Guide.md; 19_ISS_AND_RESTORATIVE_DETENTION/Lunch_Detention_Restorative_Team-Led_Guide.md; 19_ISS_AND_RESTORATIVE_DETENTION/Half-Day_ISS_Guide.md; 19_ISS_AND_RESTORATIVE_DETENTION/Full-Day_ISS_Guide.md; 19_ISS_AND_RESTORATIVE_DETENTION/Re-Entry_Protocol_Packet.md","PARTIAL | 19_ISS_AND_RESTORATIVE_DETENTION/Restorative_Team_Roster_and_Roles.md; 19_ISS_AND_RESTORATIVE_DETENTION/Re-Entry_Protocol_Packet.md | Family-facing explanation surfaces are not fully separated","PARTIAL | 19_ISS_AND_RESTORATIVE_DETENTION/ISS_and_Restorative_Detention_Program_Guide.md; 19_ISS_AND_RESTORATIVE_DETENTION/Re-Entry_Protocol_Packet.md | No dedicated ISS or detention training deck is clearly named","MET | 19_ISS_AND_RESTORATIVE_DETENTION/Level_5_Implementation_Look-Fors.md","PARTIAL | 18_BEHAVIOR_INTERVENTION_LADDER/LiveSchool_Auto-Trigger_Map.md; 14_DATA_TRACKING_AND_APP_READINESS/Observation_Record_Schema.md | Data implications exist, but no local schema or permissions file is clearly named here","MET | Level_5_and_ISS_by_Grade_Band.md provides developmentally appropriate Level 5 variants","GAP | No clearly named ISS or Restorative Detention deck in 15_SLIDE_DECK_DRAFTS","PARTIAL | 00_Admin/Audits_And_Maps/Matchbook_Folder_Audit_Tracker.csv; 00_Admin/Audits_And_Maps/Matchbook_Master_Crosswalk_DRAFT.md; 00_Admin/Audits_And_Maps/Matchbook_Artifact_Build_Backlog.md | Crosswalk and backlog still need full folder-first cleanup","PARTIAL 2026-06-03: Level_5_and_ISS_by_Grade_Band.md and 18/Behavior_Response_Chain_Handoff_Map.md tighten the family and re-entry chain; a dedicated training deck remains a 15_SLIDE_DECK_DRAFTS task"
"20","20_TIER2_AND_TIER3_LOCAL_OPERATING_LAYER","01_Current_System/01_Launch_Kit/Current/03_90_Day_Rollout_Package/20_TIER2_AND_TIER3_LOCAL_OPERATING_LAYER","20_TIER2_AND_TIER3_LOCAL_OPERATING_LAYER/04_Tier2_and_3_Behavior_Support_Playbook/04_Tier2_and_3_Behavior_Support_Playbook.docx","MET | 00_Admin/Matchbook_Framework_Build_Control_Center.md; 00_Admin/Matchbook_Folder-Based_System_Plan.md; _INDEX.md","MET | 20_TIER2_AND_TIER3_LOCAL_OPERATING_LAYER/Module_04_Overview.md; 20_TIER2_AND_TIER3_LOCAL_OPERATING_LAYER/Tier_2_and_Tier_3_Local_Threshold_Map.md; 20_TIER2_AND_TIER3_LOCAL_OPERATING_LAYER/CICO_and_DBRC_Alignment_SOP.md; 20_TIER2_AND_TIER3_LOCAL_OPERATING_LAYER/DBRC_to_Culture_Ladder_Crosswalk.md; 20_TIER2_AND_TIER3_LOCAL_OPERATING_LAYER/SST_MTSS_Review_Template.md; 20_TIER2_AND_TIER3_LOCAL_OPERATING_LAYER/Tier_3_Local_Interface.md","MET | 20_TIER2_AND_TIER3_LOCAL_OPERATING_LAYER/CICO_and_DBRC_Alignment_SOP.md; 20_TIER2_AND_TIER3_LOCAL_OPERATING_LAYER/Tier_2_and_Tier_3_Local_Threshold_Map.md; 20_TIER2_AND_TIER3_LOCAL_OPERATING_LAYER/Tier_3_Local_Interface.md; 20_TIER2_AND_TIER3_LOCAL_OPERATING_LAYER/Crisis_Response_and_Ladder_Connection_Guide.md","MET | 20_TIER2_AND_TIER3_LOCAL_OPERATING_LAYER/Module_04_Overview.md; 20_TIER2_AND_TIER3_LOCAL_OPERATING_LAYER/SST_MTSS_Review_Template.md; 20_TIER2_AND_TIER3_LOCAL_OPERATING_LAYER/Family_Communication_Alignment_Pack.md","PARTIAL | 20_TIER2_AND_TIER3_LOCAL_OPERATING_LAYER/Module_04_Overview.md; 20_TIER2_AND_TIER3_LOCAL_OPERATING_LAYER/Family_Communication_Alignment_Pack.md | No dedicated training deck is clearly named","PARTIAL | 20_TIER2_AND_TIER3_LOCAL_OPERATING_LAYER/SST_MTSS_Review_Template.md; 20_TIER2_AND_TIER3_LOCAL_OPERATING_LAYER/Tier_2_and_Tier_3_Local_Threshold_Map.md; 13_COACHING_OBSERVATION_AND_RUBRIC_ALIGNMENT/Observation_and_Coaching_Tool.md","PARTIAL | 20_TIER2_AND_TIER3_LOCAL_OPERATING_LAYER/DBRC_to_Culture_Ladder_Crosswalk.md; 20_TIER2_AND_TIER3_LOCAL_OPERATING_LAYER/Tier_2_and_Tier_3_Local_Threshold_Map.md; 14_DATA_TRACKING_AND_APP_READINESS/App_Module_Map.md | Local logic is strong, but formal schema and permissions are not fully localized here","MET | Tier_2_and_Tier_3_Scenario_Calibration_by_Band.md provides banded Tier 2/3 calibration","GAP | No clearly named Tier 2 or Tier 3 local operating layer deck in 15_SLIDE_DECK_DRAFTS","PARTIAL | 00_Admin/Audits_And_Maps/Matchbook_Folder_Audit_Tracker.csv; 00_Admin/Audits_And_Maps/Matchbook_Master_Crosswalk_DRAFT.md; 00_Admin/Audits_And_Maps/Matchbook_Artifact_Build_Backlog.md | Crosswalk and backlog still need full folder-first cleanup","PARTIAL 2026-06-03: Tier_2_and_Tier_3_Scenario_Calibration_by_Band.md adds banded calibration; a dedicated Tier 2/3 deck remains a 15_SLIDE_DECK_DRAFTS task"
